Feature,Importance
MonthlyIncome,0.07367882926954979
OverTime_Yes,0.06192330992213054
Age,0.05628469562145377
DailyRate,0.05132531706090174
MonthlyRate,0.047224544729268896
HourlyRate,0.04579252344592857
YearsAtCompany,0.04567738823215015
TotalWorkingYears,0.044428104311736855
DistanceFromHome,0.04145858698218538
YearsWithCurrManager,0.03669430427819129
StockOptionLevel,0.034579124324400155
NumCompaniesWorked,0.0334449280030121
PercentSalaryHike,0.032188253256133906
YearsInCurrentRole,0.03091499294657753
EnvironmentSatisfaction,0.02918352624244053
JobSatisfaction,0.029113931437073942
JobLevel,0.02883328345647167
YearsSinceLastPromotion,0.024415527502425687
TrainingTimesLastYear,0.02423615293004617
RelationshipSatisfaction,0.02255738444254257
JobInvolvement,0.02129499451149519
Education,0.020087660629493548
WorkLifeBalance,0.019385138841903973
MaritalStatus_Single,0.019253840890317297
BusinessTravel_Travel_Frequently,0.01075749801123357
JobRole_Sales Executive,0.009395289875618806
Department_Sales,0.008594754815192398
Gender_Male,0.008578128326356382
EducationField_Medical,0.008104831059393719
Department_Research & Development,0.007996380744233271
